qgis_version,date,snapshot,snap_date,rasterio_version,rasterio_date,fiona_version,fiona_date,geopandas_version,geopandas_date
3.26.1,2022-07-18 07:50:00,20220719-022014,2022-07-19 02:20:14,1.2.10,2021-11-11 12:36:00,1.8.21,2022-06-28 17:19:00,0.8.1,2020-10-28 20:56:00
3.22.9,2022-07-18 08:34:00,20220719-022014,2022-07-19 02:20:14,1.2.10,2021-11-11 12:36:00,1.8.21,2022-06-28 17:19:00,0.8.1,2020-10-28 20:56:00
3.26.2,2022-08-12 22:07:00,20220812-230715,2022-08-12 23:07:15,1.2.10,2021-11-11 12:36:00,1.8.21,2022-06-28 17:19:00,0.8.1,2020-10-28 20:56:00
3.22.10,2022-08-12 23:21:00,20220813-003559,2022-08-13 00:35:59,1.2.10,2021-11-11 12:36:00,1.8.21,2022-06-28 17:19:00,0.8.1,2020-10-28 20:56:00
3.26.3,2022-09-09 18:13:00,20220909-191627,2022-09-09 19:16:27,1.2.10,2021-11-11 12:36:00,1.8.21,2022-06-28 17:19:00,0.11.1,2022-09-02 09:07:00
3.22.11,2022-09-09 19:07:00,20220909-191627,2022-09-09 19:16:27,1.2.10,2021-11-11 12:36:00,1.8.21,2022-06-28 17:19:00,0.11.1,2022-09-02 09:07:00
3.22.12,2022-10-21 15:19:00,20221021-160944,2022-10-21 16:09:44,1.2.10,2021-11-11 12:36:00,1.8.21,2022-06-28 17:19:00,0.11.1,2022-09-02 09:07:00
3.28.0,2022-10-21 21:53:00,20221021-224924,2022-10-21 22:49:24,1.2.10,2021-11-11 12:36:00,1.8.21,2022-06-28 17:19:00,0.11.1,2022-09-02 09:07:00
3.28.1,2022-11-29 12:01:00,20221130-001827,2022-11-30 00:18:27,1.3.3,2022-11-11 15:30:00,1.8.21,2022-06-28 17:19:00,0.11.1,2022-09-02 09:07:00
3.22.13,2022-11-29 13:00:00,20221130-001827,2022-11-30 00:18:27,1.3.3,2022-11-11 15:30:00,1.8.21,2022-06-28 17:19:00,0.11.1,2022-09-02 09:07:00
3.28.2,2022-12-16 16:05:00,20221217-002522,2022-12-17 00:25:22,1.3.3,2022-11-11 15:30:00,1.8.22,2022-12-07 13:52:00,0.11.1,2022-09-02 09:07:00
3.22.14,2022-12-16 17:10:00,20221217-002522,2022-12-17 00:25:22,1.3.3,2022-11-11 15:30:00,1.8.22,2022-12-07 13:52:00,0.11.1,2022-09-02 09:07:00
3.28.3,2023-01-28 12:22:00,20230129-002553,2023-01-29 00:25:53,1.3.3,2022-11-11 15:30:00,1.8.22,2022-12-07 13:52:00,0.11.1,2022-09-02 09:07:00
3.22.15,2023-01-28 13:30:00,20230129-002553,2023-01-29 00:25:53,1.3.3,2022-11-11 15:30:00,1.8.22,2022-12-07 13:52:00,0.11.1,2022-09-02 09:07:00
3.22.16,2023-02-03 18:05:00,20230204-002643,2023-02-04 00:26:43,1.3.3,2022-11-11 15:30:00,1.8.22,2022-12-07 13:52:00,0.11.1,2022-09-02 09:07:00
3.30.0,2023-03-09 16:35:00,20230309-175121,2023-03-09 17:51:21,1.3.3,2022-11-11 15:30:00,1.8.22,2022-12-07 13:52:00,0.11.1,2022-09-02 09:07:00
3.28.4,2023-03-09 17:36:00,20230309-175121,2023-03-09 17:51:21,1.3.3,2022-11-11 15:30:00,1.8.22,2022-12-07 13:52:00,0.11.1,2022-09-02 09:07:00
3.28.5,2023-04-01 19:10:00,20230401-194940,2023-04-01 19:49:40,1.3.6,2023-03-19 20:16:00,1.9.2,2023-03-21 12:16:00,0.12.2,2023-03-19 20:38:00
3.30.1,2023-04-01 20:16:00,20230402-105755,2023-04-02 10:57:55,1.3.6,2023-03-19 20:16:00,1.9.2,2023-03-21 12:16:00,0.12.2,2023-03-19 20:38:00
3.30.2,2023-04-28 16:25:00,20230428-171032,2023-04-28 17:10:32,1.3.6,2023-03-19 20:16:00,1.9.2,2023-03-21 12:16:00,0.12.2,2023-03-19 20:38:00
3.28.6,2023-04-28 17:29:00,20230428-224215,2023-04-28 22:42:15,1.3.6,2023-03-19 20:16:00,1.9.2,2023-03-21 12:16:00,0.12.2,2023-03-19 20:38:00
3.30.3,2023-05-27 09:54:00,20230527-103845,2023-05-27 10:38:45,1.3.7,2023-05-23 16:34:00,1.9.3,2023-05-12 08:34:00,0.13.0,2023-05-12 08:38:00
3.28.7,2023-05-27 11:11:00,20230528-002746,2023-05-28 00:27:46,1.3.7,2023-05-23 16:34:00,1.9.3,2023-05-12 08:34:00,0.13.0,2023-05-12 08:38:00
3.32.0,2023-06-24 01:18:00,20230624-015732,2023-06-24 01:57:32,1.3.7,2023-05-23 16:34:00,1.9.3,2023-05-12 08:34:00,0.13.0,2023-05-12 08:38:00
3.28.8,2023-06-24 02:54:00,20230624-054005,2023-06-24 05:40:05,1.3.7,2023-05-23 16:34:00,1.9.3,2023-05-12 08:34:00,0.13.0,2023-05-12 08:38:00
3.32.1,2023-07-24 16:40:00,20230724-170623,2023-07-24 17:06:23,1.3.8,2023-07-14 09:49:00,1.9.4,2023-07-14 09:46:00,0.13.2,2023-07-14 11:27:00
3.28.9,2023-07-24 17:58:00,20230724-195756,2023-07-24 19:57:56,1.3.8,2023-07-14 09:49:00,1.9.4,2023-07-14 09:46:00,0.13.2,2023-07-14 11:27:00
3.32.2,2023-08-18 16:15:00,20230818-194135,2023-08-18 19:41:35,1.3.8,2023-07-14 09:49:00,1.9.4,2023-07-14 09:46:00,0.13.2,2023-07-14 11:27:00
3.28.10,2023-08-18 19:08:00,20230818-194135,2023-08-18 19:41:35,1.3.8,2023-07-14 09:49:00,1.9.4,2023-07-14 09:46:00,0.13.2,2023-07-14 11:27:00
3.32.3,2023-09-15 16:24:00,20230915-170231,2023-09-15 17:02:31,1.3.8,2023-07-14 09:49:00,1.9.4,2023-07-14 09:46:00,0.13.2,2023-07-14 11:27:00
3.28.11,2023-09-15 17:41:00,20230916-002525,2023-09-16 00:25:25,1.3.8,2023-07-14 09:49:00,1.9.4,2023-07-14 09:46:00,0.13.2,2023-07-14 11:27:00
3.28.12,2023-10-27 15:16:00,20231027-155147,2023-10-27 15:51:47,1.3.8,2023-07-14 09:49:00,1.9.4,2023-07-14 09:46:00,0.13.2,2023-07-14 11:27:00
3.34.0,2023-11-07 12:41:00,20231108-010544,2023-11-08 01:05:44,1.3.8,2023-07-14 09:49:00,1.9.4,2023-07-14 09:46:00,0.13.2,2023-07-14 11:27:00
3.34.1,2023-12-03 23:35:00,20231204-050645,2023-12-04 05:06:45,1.3.9,2023-11-14 10:03:00,1.9.5,2023-11-13 22:25:00,0.14.1,2023-11-13 23:18:00
3.28.13,2023-12-04 01:08:00,20231204-050645,2023-12-04 05:06:45,1.3.9,2023-11-14 10:03:00,1.9.5,2023-11-13 22:25:00,0.14.1,2023-11-13 23:18:00
3.28.14,2023-12-23 11:11:00,20231223-160353,2023-12-23 16:03:53,1.3.9,2023-11-14 10:03:00,1.9.5,2023-11-13 22:25:00,0.14.1,2023-11-13 23:18:00
3.34.2,2023-12-23 16:20:00,20231223-223553,2023-12-23 22:35:53,1.3.9,2023-11-14 10:03:00,1.9.5,2023-11-13 22:25:00,0.14.1,2023-11-13 23:18:00
3.34.3,2024-01-19 16:29:00,20240120-003241,2024-01-20 00:32:41,1.3.9,2023-11-14 10:03:00,1.9.5,2023-11-13 22:25:00,0.14.1,2023-11-13 23:18:00
3.28.15,2024-01-19 17:54:00,20240120-003241,2024-01-20 00:32:41,1.3.9,2023-11-14 10:03:00,1.9.5,2023-11-13 22:25:00,0.14.1,2023-11-13 23:18:00
2.12.3,2024-02-15 11:02:00,20240215-181213,2024-02-15 18:12:13,1.3.9,2023-11-14 10:03:00,1.9.5,2023-11-13 22:25:00,0.14.1,2023-11-13 23:18:00
2.2.0,2024-02-15 11:02:00,20240215-181213,2024-02-15 18:12:13,1.3.9,2023-11-14 10:03:00,1.9.5,2023-11-13 22:25:00,0.14.1,2023-11-13 23:18:00
3.22.0,2024-02-15 11:04:00,20240215-181213,2024-02-15 18:12:13,1.3.9,2023-11-14 10:03:00,1.9.5,2023-11-13 22:25:00,0.14.1,2023-11-13 23:18:00
1.6.0,2024-02-15 11:31:00,20240215-181213,2024-02-15 18:12:13,1.3.9,2023-11-14 10:03:00,1.9.5,2023-11-13 22:25:00,0.14.1,2023-11-13 23:18:00
3.16.13,2024-02-15 11:05:00,20240215-181213,2024-02-15 18:12:13,1.3.9,2023-11-14 10:03:00,1.9.5,2023-11-13 22:25:00,0.14.1,2023-11-13 23:18:00
1.4.0,2024-02-15 11:11:00,20240215-181213,2024-02-15 18:12:13,1.3.9,2023-11-14 10:03:00,1.9.5,2023-11-13 22:25:00,0.14.1,2023-11-13 23:18:00
0.10.0,2024-02-15 11:31:00,20240215-181213,2024-02-15 18:12:13,1.3.9,2023-11-14 10:03:00,1.9.5,2023-11-13 22:25:00,0.14.1,2023-11-13 23:18:00
1.5.0,2024-02-15 11:31:00,20240215-181213,2024-02-15 18:12:13,1.3.9,2023-11-14 10:03:00,1.9.5,2023-11-13 22:25:00,0.14.1,2023-11-13 23:18:00
1.0.0,2024-02-15 11:10:00,20240215-181213,2024-02-15 18:12:13,1.3.9,2023-11-14 10:03:00,1.9.5,2023-11-13 22:25:00,0.14.1,2023-11-13 23:18:00
3.36.0,2024-02-25 00:12:00,20240225-130610,2024-02-25 13:06:10,1.3.9,2023-11-14 10:03:00,1.9.5,2023-11-13 22:25:00,0.14.1,2023-11-13 23:18:00
3.34.4,2024-02-25 01:29:00,20240225-130610,2024-02-25 13:06:10,1.3.9,2023-11-14 10:03:00,1.9.5,2023-11-13 22:25:00,0.14.1,2023-11-13 23:18:00
3.36.1,2024-03-22 21:39:00,20240322-233640,2024-03-22 23:36:40,1.3.9,2023-11-14 10:03:00,1.9.5,2023-11-13 22:25:00,0.14.1,2023-11-13 23:18:00
3.34.5,2024-03-22 22:40:00,20240322-233640,2024-03-22 23:36:40,1.3.9,2023-11-14 10:03:00,1.9.5,2023-11-13 22:25:00,0.14.1,2023-11-13 23:18:00
3.36.2,2024-04-19 18:15:00,20240419-221541,2024-04-19 22:15:41,1.3.9,2023-11-14 10:03:00,1.9.6,2024-04-13 20:36:00,0.14.3,2024-04-14 00:31:00
3.34.6,2024-04-19 19:34:00,20240419-221541,2024-04-19 22:15:41,1.3.9,2023-11-14 10:03:00,1.9.6,2024-04-13 20:36:00,0.14.3,2024-04-14 00:31:00
3.36.3,2024-05-30 17:43:00,20240530-221327,2024-05-30 22:13:27,1.3.9,2023-11-14 10:03:00,1.9.6,2024-04-13 20:36:00,0.14.4,2024-05-18 22:04:00
3.34.7,2024-05-30 18:36:00,20240530-221327,2024-05-30 22:13:27,1.3.9,2023-11-14 10:03:00,1.9.6,2024-04-13 20:36:00,0.14.4,2024-05-18 22:04:00
3.38.0,2024-06-21 16:29:00,20240621-182256,2024-06-21 18:22:56,1.3.9,2023-11-14 10:03:00,1.9.6,2024-04-13 20:36:00,0.14.4,2024-05-18 22:04:00
3.34.8,2024-06-21 17:31:00,20240621-182256,2024-06-21 18:22:56,1.3.9,2023-11-14 10:03:00,1.9.6,2024-04-13 20:36:00,0.14.4,2024-05-18 22:04:00
3.38.1,2024-07-21 22:13:00,20240721-221721,2024-07-21 22:17:21,1.3.9,2023-11-14 10:03:00,1.9.6,2024-04-13 20:36:00,1.0.0,2024-06-24 21:08:00
3.34.9,2024-07-21 23:16:00,20240722-004554,2024-07-22 00:45:54,1.3.9,2023-11-14 10:03:00,1.9.6,2024-04-13 20:36:00,1.0.0,2024-06-24 21:08:00
3.34.10,2024-08-16 19:30:00,20240816-221400,2024-08-16 22:14:00,1.3.10,2024-08-03 12:25:00,1.9.6,2024-04-13 20:36:00,1.0.0,2024-06-24 21:08:00
3.34.11,2024-09-13 14:06:00,20240914-221142,2024-09-14 22:11:42,1.3.10,2024-08-03 12:25:00,1.9.6,2024-04-13 20:36:00,1.0.0,2024-06-24 21:08:00
3.38.2,2024-09-14 16:33:00,20240914-221142,2024-09-14 22:11:42,1.3.10,2024-08-03 12:25:00,1.9.6,2024-04-13 20:36:00,1.0.0,2024-06-24 21:08:00
3.38.3,2024-09-15 00:03:00,20240915-002820,2024-09-15 00:28:20,1.3.10,2024-08-03 12:25:00,1.9.6,2024-04-13 20:36:00,1.0.0,2024-06-24 21:08:00
3.40.0,2024-10-28 08:47:00,20241028-100827,2024-10-28 10:08:27,1.3.10,2024-08-03 12:25:00,1.9.6,2024-04-13 20:36:00,1.0.0,2024-06-24 21:08:00
3.34.12,2024-10-28 11:31:00,20241028-115045,2024-10-28 11:50:45,1.3.10,2024-08-03 12:25:00,1.9.6,2024-04-13 20:36:00,1.0.0,2024-06-24 21:08:00
3.40.1,2024-11-23 02:51:00,20241123-102211,2024-11-23 10:22:11,1.3.10,2024-08-03 12:25:00,1.9.6,2024-04-13 20:36:00,1.0.0,2024-06-24 21:08:00
3.34.13,2024-11-23 03:50:00,20241123-102211,2024-11-23 10:22:11,1.3.10,2024-08-03 12:25:00,1.9.6,2024-04-13 20:36:00,1.0.0,2024-06-24 21:08:00
3.40.2,2024-12-20 19:30:00,20241220-231302,2024-12-20 23:13:02,1.3.10,2024-08-03 12:25:00,1.9.6,2024-04-13 20:36:00,1.0.0,2024-06-24 21:08:00
3.34.14,2024-12-20 20:28:00,20241220-231302,2024-12-20 23:13:02,1.3.10,2024-08-03 12:25:00,1.9.6,2024-04-13 20:36:00,1.0.0,2024-06-24 21:08:00
3.40.3,2025-01-26 01:01:00,20250126-232533,2025-01-26 23:25:33,1.4.3,2025-01-15 17:32:00,1.9.6,2024-04-13 20:36:00,1.0.1,2025-01-17 00:38:00
3.34.15,2025-01-26 10:47:00,20250126-232533,2025-01-26 23:25:33,1.4.3,2025-01-15 17:32:00,1.9.6,2024-04-13 20:36:00,1.0.1,2025-01-17 00:38:00
3.42.0,2025-02-23 02:16:00,20250223-050935,2025-02-23 05:09:35,1.4.3,2025-01-15 17:32:00,1.9.6,2024-04-13 20:36:00,1.0.1,2025-01-17 00:38:00
3.42.1,2025-03-22 21:30:00,20250322-231650,2025-03-22 23:16:50,1.4.3,2025-01-15 17:32:00,1.9.6,2024-04-13 20:36:00,1.0.1,2025-01-17 00:38:00
3.40.4,2025-03-22 22:23:00,20250322-231650,2025-03-22 23:16:50,1.4.3,2025-01-15 17:32:00,1.9.6,2024-04-13 20:36:00,1.0.1,2025-01-17 00:38:00
3.40.5,2025-03-28 11:35:00,20250328-231657,2025-03-28 23:16:57,1.4.3,2025-01-15 17:32:00,1.9.6,2024-04-13 20:36:00,1.0.1,2025-01-17 00:38:00
3.40.6,2025-04-20 09:16:00,20250420-141348,2025-04-20 14:13:48,1.4.3,2025-01-15 17:32:00,1.9.6,2024-04-13 20:36:00,1.0.1,2025-01-17 00:38:00
3.42.2,2025-04-21 10:26:00,20250422-021020,2025-04-22 02:10:20,1.4.3,2025-01-15 17:32:00,1.9.6,2024-04-13 20:36:00,1.0.1,2025-01-17 00:38:00
3.40.7,2025-05-18 04:13:00,20250518-054222,2025-05-18 05:42:22,1.4.3,2025-01-15 17:32:00,1.9.6,2024-04-13 20:36:00,1.0.1,2025-01-17 00:38:00
3.42.3,2025-05-18 09:12:00,20250518-093546,2025-05-18 09:35:46,1.4.3,2025-01-15 17:32:00,1.9.6,2024-04-13 20:36:00,1.0.1,2025-01-17 00:38:00
3.44.0,2025-06-22 22:31:00,20250622-234602,2025-06-22 23:46:02,1.4.3,2025-01-15 17:32:00,1.9.6,2024-04-13 20:36:00,1.0.1,2025-01-17 00:38:00
3.40.8,2025-06-22 23:32:00,20250622-234602,2025-06-22 23:46:02,1.4.3,2025-01-15 17:32:00,1.9.6,2024-04-13 20:36:00,1.0.1,2025-01-17 00:38:00
3.44.1,2025-07-21 19:14:00,20250721-222123,2025-07-21 22:21:23,1.4.3,2025-01-15 17:32:00,1.9.6,2024-04-13 20:36:00,1.0.1,2025-01-17 00:38:00
3.40.9,2025-07-21 20:15:00,20250721-222123,2025-07-21 22:21:23,1.4.3,2025-01-15 17:32:00,1.9.6,2024-04-13 20:36:00,1.0.1,2025-01-17 00:38:00
3.44.2,2025-08-15 21:58:00,20250815-222358,2025-08-15 22:23:58,1.4.3,2025-01-15 17:32:00,1.9.6,2024-04-13 20:36:00,1.0.1,2025-01-17 00:38:00
3.40.10,2025-08-15 23:19:00,20250816-001608,2025-08-16 00:16:08,1.4.3,2025-01-15 17:32:00,1.9.6,2024-04-13 20:36:00,1.0.1,2025-01-17 00:38:00
3.44.3,2025-09-14 00:36:00,20250914-222421,2025-09-14 22:24:21,1.4.3,2025-01-15 17:32:00,1.9.6,2024-04-13 20:36:00,1.0.1,2025-01-17 00:38:00
3.40.11,2025-09-14 01:51:00,20250914-222421,2025-09-14 22:24:21,1.4.3,2025-01-15 17:32:00,1.9.6,2024-04-13 20:36:00,1.0.1,2025-01-17 00:38:00
3.44.4,2025-10-24 23:28:00,20251025-000440,2025-10-25 00:04:40,1.4.3,2025-01-15 17:32:00,1.9.6,2024-04-13 20:36:00,1.0.1,2025-01-17 00:38:00
3.40.12,2025-10-25 00:31:00,20251025-014856,2025-10-25 01:48:56,1.4.3,2025-01-15 17:32:00,1.9.6,2024-04-13 20:36:00,1.0.1,2025-01-17 00:38:00
3.40.13,2025-11-21 22:15:00,20251121-232316,2025-11-21 23:23:16,1.4.3,2025-01-15 17:32:00,1.9.6,2024-04-13 20:36:00,1.0.1,2025-01-17 00:38:00
3.44.5,2025-11-27 23:25:00,20251128-004208,2025-11-28 00:42:08,1.4.3,2025-01-15 17:32:00,1.9.6,2024-04-13 20:36:00,1.0.1,2025-01-17 00:38:00
3.44.6,2025-12-20 22:49:00,20251220-232427,2025-12-20 23:24:27,1.4.3,2025-01-15 17:32:00,1.9.6,2024-04-13 20:36:00,1.0.1,2025-01-17 00:38:00
3.40.14,2025-12-21 00:23:00,20251221-014100,2025-12-21 01:41:00,1.4.3,2025-01-15 17:32:00,1.9.6,2024-04-13 20:36:00,1.0.1,2025-01-17 00:38:00
3.44.7,2026-01-16 18:27:00,20260117-011346,2026-01-17 01:13:46,1.4.3,2025-01-15 17:32:00,1.9.6,2024-04-13 20:36:00,1.0.1,2025-01-17 00:38:00
3.40.15,2026-01-16 20:41:00,20260117-011346,2026-01-17 01:13:46,1.4.3,2025-01-15 17:32:00,1.9.6,2024-04-13 20:36:00,1.0.1,2025-01-17 00:38:00
